venue,product_type,symbol,hour_utc,bars,close,total_usdt_volume,total_base_volume,total_quote_volume
futures,USDT-FUTURES,BTCUSDT,2025-12-31 06:00:00+00:00,59,88483.8,30991407.04558,350.2315,30991407.04558
futures,USDT-FUTURES,BTCUSDT,2025-12-31 07:00:00+00:00,60,88578.9,32003040.74476,361.50169999999997,32003040.74476
futures,USDT-FUTURES,BTCUSDT,2025-12-31 08:00:00+00:00,60,88397.1,79032979.54766,892.8124,79032979.54766
futures,USDT-FUTURES,BTCUSDT,2025-12-31 09:00:00+00:00,59,88630.6,39000797.08397,440.33029999999997,39000797.08397
futures,USDT-FUTURES,BTCUSDT,2025-12-31 10:00:00+00:00,60,88807.3,181156753.58275,2041.6435,181156753.58275
futures,USDT-FUTURES,BTCUSDT,2025-12-31 11:00:00+00:00,60,88974.2,162080323.48907,1823.102,162080323.48907
futures,USDT-FUTURES,BTCUSDT,2025-12-31 12:00:00+00:00,59,88735.0,97788944.35609,1100.6177,97788944.35609
futures,USDT-FUTURES,BTCUSDT,2025-12-31 13:00:00+00:00,60,88944.8,87623437.23145,986.2328,87623437.23145
futures,USDT-FUTURES,BTCUSDT,2025-12-31 14:00:00+00:00,60,88444.4,252807542.13986,2850.2206,252807542.13986
futures,USDT-FUTURES,BTCUSDT,2025-12-31 15:00:00+00:00,60,87924.7,298353758.63247,3388.8969,298353758.63247
futures,USDT-FUTURES,BTCUSDT,2025-12-31 16:00:00+00:00,59,87634.9,280261618.62921,3197.0507,280261618.62921
futures,USDT-FUTURES,BTCUSDT,2025-12-31 17:00:00+00:00,60,87608.3,126025208.5765,1438.4759,126025208.5765
futures,USDT-FUTURES,BTCUSDT,2025-12-31 18:00:00+00:00,60,87666.1,102925970.75719,1172.2887,102925970.75719
futures,USDT-FUTURES,BTCUSDT,2025-12-31 19:00:00+00:00,59,87522.1,57066103.22834,650.9975000000001,57066103.22834
futures,USDT-FUTURES,BTCUSDT,2025-12-31 20:00:00+00:00,60,87646.0,139278871.90566,1592.2842,139278871.90566
futures,USDT-FUTURES,BTCUSDT,2025-12-31 21:00:00+00:00,60,87782.0,44204947.00857,503.7129,44204947.00857
futures,USDT-FUTURES,BTCUSDT,2025-12-31 22:00:00+00:00,59,87710.7,53794226.937800005,613.1059,53794226.937800005
futures,USDT-FUTURES,BTCUSDT,2025-12-31 23:00:00+00:00,60,87624.4,28898981.96814,329.7441,28898981.96814
futures,USDT-FUTURES,BTCUSDT,2026-01-01 00:00:00+00:00,60,87790.0,42286056.77511,481.93,42286056.77511
futures,USDT-FUTURES,BTCUSDT,2026-01-01 01:00:00+00:00,60,87937.5,62466924.10438,710.5082,62466924.10438
futures,USDT-FUTURES,BTCUSDT,2026-01-01 02:00:00+00:00,59,87893.9,43553589.12334,495.1714,43553589.12334
futures,USDT-FUTURES,BTCUSDT,2026-01-01 03:00:00+00:00,60,87826.0,32727055.98291,372.34430000000003,32727055.98291
futures,USDT-FUTURES,BTCUSDT,2026-01-01 04:00:00+00:00,60,87581.7,102873925.62776,1173.8383,102873925.62776
futures,USDT-FUTURES,BTCUSDT,2026-01-01 05:00:00+00:00,59,87693.4,37067043.94381,422.8017,37067043.94381
futures,USDT-FUTURES,BTCUSDT,2026-01-01 06:00:00+00:00,60,87648.1,13378589.10609,152.63230000000001,13378589.10609
futures,USDT-FUTURES,BTCUSDT,2026-01-01 07:00:00+00:00,60,87621.2,32702982.13226,373.1959,32702982.13226
futures,USDT-FUTURES,BTCUSDT,2026-01-01 08:00:00+00:00,59,87761.7,34521877.58791,393.5077,34521877.58791
futures,USDT-FUTURES,BTCUSDT,2026-01-01 09:00:00+00:00,60,87865.2,41612813.7477,473.572,41612813.7477
futures,USDT-FUTURES,BTCUSDT,2026-01-01 10:00:00+00:00,60,87845.0,18398434.59124,209.4745,18398434.59124
futures,USDT-FUTURES,BTCUSDT,2026-01-01 11:00:00+00:00,60,87994.2,52630116.19423,598.5915,52630116.19423
futures,USDT-FUTURES,BTCUSDT,2026-01-01 12:00:00+00:00,59,87907.2,52474834.60247,596.5668000000001,52474834.60247
futures,USDT-FUTURES,BTCUSDT,2026-01-01 13:00:00+00:00,60,87877.2,40565188.08816,461.4281,40565188.08816
futures,USDT-FUTURES,BTCUSDT,2026-01-01 14:00:00+00:00,60,87921.5,62756172.65157,714.4118,62756172.65157
futures,USDT-FUTURES,BTCUSDT,2026-01-01 15:00:00+00:00,59,87980.5,75626958.636,859.6795999999999,75626958.636
futures,USDT-FUTURES,BTCUSDT,2026-01-01 16:00:00+00:00,60,87949.3,31289340.42593,355.9458,31289340.42593
futures,USDT-FUTURES,BTCUSDT,2026-01-01 17:00:00+00:00,60,88276.3,141983927.40294,1608.3309,141983927.40294
futures,USDT-FUTURES,BTCUSDT,2026-01-01 18:00:00+00:00,59,88161.8,76843864.47698,871.6313,76843864.47698
futures,USDT-FUTURES,BTCUSDT,2026-01-01 19:00:00+00:00,60,88343.1,44369257.02438,502.8315,44369257.02438
futures,USDT-FUTURES,BTCUSDT,2026-01-01 20:00:00+00:00,60,88211.3,27892475.10335,315.995,27892475.10335
futures,USDT-FUTURES,BTCUSDT,2026-01-01 21:00:00+00:00,60,88341.4,26741181.48748,302.7667,26741181.48748
futures,USDT-FUTURES,BTCUSDT,2026-01-01 22:00:00+00:00,59,88605.5,102020015.9246,1152.74,102020015.9246
futures,USDT-FUTURES,BTCUSDT,2026-01-01 23:00:00+00:00,60,88791.0,111619905.17582999,1258.4808,111619905.17582999
futures,USDT-FUTURES,BTCUSDT,2026-01-02 00:00:00+00:00,60,88788.0,82332385.18628,928.247,82332385.18628
futures,USDT-FUTURES,BTCUSDT,2026-01-02 01:00:00+00:00,59,88589.9,50559456.2207,570.4895,50559456.2207
futures,USDT-FUTURES,BTCUSDT,2026-01-02 02:00:00+00:00,60,88592.1,82187485.86517,929.2012,82187485.86517
futures,USDT-FUTURES,BTCUSDT,2026-01-02 03:00:00+00:00,60,88900.6,174531087.43269,1963.0411,174531087.43269
futures,USDT-FUTURES,BTCUSDT,2026-01-02 04:00:00+00:00,59,88599.5,68811568.12227,775.4225,68811568.12227
futures,USDT-FUTURES,BTCUSDT,2026-01-02 05:00:00+00:00,60,88704.3,47014019.74659,530.3693,47014019.74659
futures,USDT-FUTURES,BTCUSDT,2026-01-02 06:00:00+00:00,60,88887.3,86951050.66803001,978.3383,86951050.66803001
futures,USDT-FUTURES,BTCUSDT,2026-01-02 07:00:00+00:00,60,88819.0,68629432.4517,772.2325,68629432.4517
futures,USDT-FUTURES,BTCUSDT,2026-01-02 08:00:00+00:00,59,89127.3,84169658.87332,945.5778,84169658.87332
futures,USDT-FUTURES,BTCUSDT,2026-01-02 09:00:00+00:00,60,89427.6,209960412.66610003,2351.7788,209960412.66610003
futures,USDT-FUTURES,BTCUSDT,2026-01-02 10:00:00+00:00,60,89600.0,340901923.17057,3801.8593,340901923.17057
futures,USDT-FUTURES,BTCUSDT,2026-01-02 11:00:00+00:00,59,89446.4,126698141.83115,1416.4691,126698141.83115
futures,USDT-FUTURES,BTCUSDT,2026-01-02 12:00:00+00:00,60,89356.2,63807675.11494,713.5158,63807675.11494
futures,USDT-FUTURES,BTCUSDT,2026-01-02 13:00:00+00:00,60,89298.7,136097603.54836,1521.5826,136097603.54836
futures,USDT-FUTURES,BTCUSDT,2026-01-02 14:00:00+00:00,59,89536.2,717152358.32779,8039.0609,717152358.32779
futures,USDT-FUTURES,BTCUSDT,2026-01-02 15:00:00+00:00,60,89371.1,426370066.23653,4772.281,426370066.23653
futures,USDT-FUTURES,BTCUSDT,2026-01-02 16:00:00+00:00,60,90330.0,760500090.40882,8439.6144,760500090.40882
futures,USDT-FUTURES,BTCUSDT,2026-01-02 17:00:00+00:00,60,90315.8,257991665.32394,2849.0496,257991665.32394
futures,USDT-FUTURES,BTCUSDT,2026-01-02 18:00:00+00:00,59,89729.2,234605905.05544,2606.1295,234605905.05544
futures,USDT-FUTURES,BTCUSDT,2026-01-02 19:00:00+00:00,60,89851.1,91311410.29303,1015.8219,91311410.29303
futures,USDT-FUTURES,BTCUSDT,2026-01-02 20:00:00+00:00,60,89698.6,88389567.82006,984.352,88389567.82006
futures,USDT-FUTURES,BTCUSDT,2026-01-02 21:00:00+00:00,59,90020.0,67883024.71824,754.7456,67883024.71824
futures,USDT-FUTURES,BTCUSDT,2026-01-02 22:00:00+00:00,60,90148.6,89415595.52121,991.7279,89415595.52121
futures,USDT-FUTURES,BTCUSDT,2026-01-02 23:00:00+00:00,60,89949.4,44363751.75438,493.1299,44363751.75438
futures,USDT-FUTURES,BTCUSDT,2026-01-03 00:00:00+00:00,59,90113.9,35607056.00969,395.5569,35607056.00969
futures,USDT-FUTURES,BTCUSDT,2026-01-03 01:00:00+00:00,60,90234.2,31094515.51451,345.0209,31094515.51451
futures,USDT-FUTURES,BTCUSDT,2026-01-03 02:00:00+00:00,60,90286.4,39671605.8938,439.7197,39671605.8938
futures,USDT-FUTURES,BTCUSDT,2026-01-03 03:00:00+00:00,60,90280.0,31554747.33673,349.6947,31554747.33673
futures,USDT-FUTURES,BTCUSDT,2026-01-03 04:00:00+00:00,59,90122.0,107208299.31696,1189.1892,107208299.31696
futures,USDT-FUTURES,BTCUSDT,2026-01-03 05:00:00+00:00,60,89997.0,57992983.9624,644.3933,57992983.9624
futures,USDT-FUTURES,BTCUSDT,2026-01-03 06:00:00+00:00,60,89833.1,40328823.3948,448.4457,40328823.3948
futures,USDT-FUTURES,BTCUSDT,2026-01-03 07:00:00+00:00,59,89545.1,213943150.79404,2389.722,213943150.79404
futures,USDT-FUTURES,BTCUSDT,2026-01-03 08:00:00+00:00,60,89626.9,122834613.45999001,1370.5086,122834613.45999001
futures,USDT-FUTURES,BTCUSDT,2026-01-03 09:00:00+00:00,60,89760.0,126077521.94627,1403.7971,126077521.94627
futures,USDT-FUTURES,BTCUSDT,2026-01-03 10:00:00+00:00,60,89714.9,65397171.74468,728.7783,65397171.74468
futures,USDT-FUTURES,BTCUSDT,2026-01-03 11:00:00+00:00,59,89714.1,27322006.83284,304.6106,27322006.83284
futures,USDT-FUTURES,BTCUSDT,2026-01-03 12:00:00+00:00,60,89989.7,104071222.03782,1157.7918,104071222.03782
futures,USDT-FUTURES,BTCUSDT,2026-01-03 13:00:00+00:00,60,89963.4,60386699.97638,671.2436,60386699.97638
futures,USDT-FUTURES,BTCUSDT,2026-01-03 14:00:00+00:00,59,90085.6,78900883.26273,875.7886,78900883.26273
futures,USDT-FUTURES,BTCUSDT,2026-01-03 15:00:00+00:00,60,89929.9,36791333.19876,408.896,36791333.19876
futures,USDT-FUTURES,BTCUSDT,2026-01-03 16:00:00+00:00,60,90060.8,63725583.1075,707.7284,63725583.1075
futures,USDT-FUTURES,BTCUSDT,2026-01-03 17:00:00+00:00,59,90049.6,28050925.76098,311.5578,28050925.76098
futures,USDT-FUTURES,BTCUSDT,2026-01-03 18:00:00+00:00,60,90097.2,28797919.67367,319.6876,28797919.67367
futures,USDT-FUTURES,BTCUSDT,2026-01-03 19:00:00+00:00,60,90082.9,10542272.89767,117.04400000000001,10542272.89767
futures,USDT-FUTURES,BTCUSDT,2026-01-03 20:00:00+00:00,60,90330.0,63913270.48313,708.6165,63913270.48313
futures,USDT-FUTURES,BTCUSDT,2026-01-03 21:00:00+00:00,59,90522.2,89144884.1255,985.1597,89144884.1255
futures,USDT-FUTURES,BTCUSDT,2026-01-03 22:00:00+00:00,60,90552.3,82687503.32542999,913.0828,82687503.32542999
futures,USDT-FUTURES,BTCUSDT,2026-01-03 23:00:00+00:00,60,90591.7,55436373.71831,612.048,55436373.71831
futures,USDT-FUTURES,BTCUSDT,2026-01-04 00:00:00+00:00,59,91284.3,387470342.63832,4249.2155999999995,387470342.63832
futures,USDT-FUTURES,BTCUSDT,2026-01-04 01:00:00+00:00,60,91186.0,99089575.78495,1087.0676,99089575.78495
futures,USDT-FUTURES,BTCUSDT,2026-01-04 02:00:00+00:00,60,91090.9,45619120.49268,500.531,45619120.49268
futures,USDT-FUTURES,BTCUSDT,2026-01-04 03:00:00+00:00,59,91190.5,69503568.19968,762.2513,69503568.19968
futures,USDT-FUTURES,BTCUSDT,2026-01-04 04:00:00+00:00,60,91348.0,97238946.60897,1064.1397,97238946.60897
futures,USDT-FUTURES,BTCUSDT,2026-01-04 05:00:00+00:00,60,91429.4,49643501.08447,543.3897,49643501.08447
futures,USDT-FUTURES,BTCUSDT,2026-01-04 06:00:00+00:00,60,91180.0,194553527.67886,2126.0675,194553527.67886
futures,USDT-FUTURES,BTCUSDT,2026-01-04 07:00:00+00:00,59,91473.9,65694415.948520005,719.4036,65694415.948520005
futures,USDT-FUTURES,BTCUSDT,2026-01-04 08:00:00+00:00,60,91321.0,162126891.77109,1776.0814,162126891.77109
futures,USDT-FUTURES,BTCUSDT,2026-01-04 09:00:00+00:00,60,91401.9,95448085.95706,1045.2753,95448085.95706
futures,USDT-FUTURES,BTCUSDT,2026-01-04 10:00:00+00:00,59,91544.5,99975819.66606,1093.0114,99975819.66606
futures,USDT-FUTURES,BTCUSDT,2026-01-04 11:00:00+00:00,60,91257.9,102917899.24822,1127.1343,102917899.24822
futures,USDT-FUTURES,BTCUSDT,2026-01-04 12:00:00+00:00,60,91104.5,132436248.17448,1452.4762,132436248.17448
futures,USDT-FUTURES,BTCUSDT,2026-01-04 13:00:00+00:00,59,91232.7,71263864.5133,782.0587,71263864.5133
futures,USDT-FUTURES,BTCUSDT,2026-01-04 14:00:00+00:00,60,91296.0,72046279.39644,789.6257,72046279.39644
futures,USDT-FUTURES,BTCUSDT,2026-01-04 15:00:00+00:00,60,91286.6,40245972.22122,441.2641,40245972.22122
futures,USDT-FUTURES,BTCUSDT,2026-01-04 16:00:00+00:00,60,91282.1,67949710.93005,744.0951,67949710.93005
futures,USDT-FUTURES,BTCUSDT,2026-01-04 17:00:00+00:00,59,91300.1,26883043.18615,294.3097,26883043.18615
futures,USDT-FUTURES,BTCUSDT,2026-01-04 18:00:00+00:00,60,91166.2,77328837.43800999,848.9086,77328837.43800999
futures,USDT-FUTURES,BTCUSDT,2026-01-04 19:00:00+00:00,60,91102.0,99369862.46208,1092.3419,99369862.46208
futures,USDT-FUTURES,BTCUSDT,2026-01-04 20:00:00+00:00,59,91272.3,28376855.03743,311.0638,28376855.03743
futures,USDT-FUTURES,BTCUSDT,2026-01-04 21:00:00+00:00,60,91249.6,53744465.98949,588.7787,53744465.98949
futures,USDT-FUTURES,BTCUSDT,2026-01-04 22:00:00+00:00,60,91177.3,39612985.84931,434.3113,39612985.84931
futures,USDT-FUTURES,BTCUSDT,2026-01-04 23:00:00+00:00,59,91495.1,79602863.57918,871.0812,79602863.57918
futures,USDT-FUTURES,BTCUSDT,2026-01-05 00:00:00+00:00,60,92356.5,430997134.25711,4687.7471,430997134.25711
futures,USDT-FUTURES,BTCUSDT,2026-01-05 01:00:00+00:00,60,92916.2,588588069.4318401,6336.974,588588069.4318401
futures,USDT-FUTURES,BTCUSDT,2026-01-05 02:00:00+00:00,60,92991.8,150435581.88632,1619.6188,150435581.88632
futures,USDT-FUTURES,BTCUSDT,2026-01-05 03:00:00+00:00,59,92829.9,101662866.22007,1093.3421,101662866.22007
futures,USDT-FUTURES,BTCUSDT,2026-01-05 04:00:00+00:00,60,92565.5,152790145.00559,1650.8569,152790145.00559
futures,USDT-FUTURES,BTCUSDT,2026-01-05 05:00:00+00:00,60,92325.6,70926332.71058,766.5929,70926332.71058
futures,USDT-FUTURES,BTCUSDT,2026-01-05 06:00:00+00:00,59,92453.7,93684774.37148,1014.74,93684774.37148
futures,USDT-FUTURES,BTCUSDT,2026-01-05 07:00:00+00:00,60,92485.8,48350278.866679996,522.5508,48350278.866679996
futures,USDT-FUTURES,BTCUSDT,2026-01-05 08:00:00+00:00,60,92438.3,75669525.53032,817.3927,75669525.53032
futures,USDT-FUTURES,BTCUSDT,2026-01-05 09:00:00+00:00,59,92657.2,96606321.63258,1043.5806,96606321.63258
futures,USDT-FUTURES,BTCUSDT,2026-01-05 10:00:00+00:00,60,93044.2,162514479.2738,1749.6553,162514479.2738
futures,USDT-FUTURES,BTCUSDT,2026-01-05 11:00:00+00:00,60,93089.4,105321517.88227,1132.632,105321517.88227
futures,USDT-FUTURES,BTCUSDT,2026-01-05 12:00:00+00:00,60,92840.9,106445805.44777,1145.5941,106445805.44777
futures,USDT-FUTURES,BTCUSDT,2026-01-05 13:00:00+00:00,59,92707.6,119950467.89266,1294.3297,119950467.89266
futures,USDT-FUTURES,BTCUSDT,2026-01-05 14:00:00+00:00,60,93383.8,427587111.53328,4592.5685,427587111.53328
futures,USDT-FUTURES,BTCUSDT,2026-01-05 15:00:00+00:00,60,93883.4,425567072.18149,4547.2512,425567072.18149
futures,USDT-FUTURES,BTCUSDT,2026-01-05 16:00:00+00:00,59,93635.7,250111511.16257,2667.0835,250111511.16257
futures,USDT-FUTURES,BTCUSDT,2026-01-05 17:00:00+00:00,60,94255.2,380445748.76697,4053.0348,380445748.76697
futures,USDT-FUTURES,BTCUSDT,2026-01-05 18:00:00+00:00,60,94389.6,231254812.85866,2456.9933,231254812.85866
futures,USDT-FUTURES,BTCUSDT,2026-01-05 19:00:00+00:00,59,94238.1,108149465.26584,1147.4767,108149465.26584
futures,USDT-FUTURES,BTCUSDT,2026-01-05 20:00:00+00:00,60,94125.0,252796497.21743,2678.2235,252796497.21743
futures,USDT-FUTURES,BTCUSDT,2026-01-05 21:00:00+00:00,60,94033.0,92176904.57424,980.8253,92176904.57424
futures,USDT-FUTURES,BTCUSDT,2026-01-05 22:00:00+00:00,60,94117.3,65734321.106920004,697.9858,65734321.106920004
futures,USDT-FUTURES,BTCUSDT,2026-01-05 23:00:00+00:00,59,93822.9,57840563.45144,615.6913,57840563.45144
futures,USDT-FUTURES,BTCUSDT,2026-01-06 00:00:00+00:00,60,93764.0,110152337.82217,1176.0803,110152337.82217
futures,USDT-FUTURES,BTCUSDT,2026-01-06 01:00:00+00:00,60,93732.0,103027587.39661,1097.2615,103027587.39661
futures,USDT-FUTURES,BTCUSDT,2026-01-06 02:00:00+00:00,59,93578.4,57425182.91482,613.5076,57425182.91482
futures,USDT-FUTURES,BTCUSDT,2026-01-06 03:00:00+00:00,60,93722.7,52790029.587740004,563.1742,52790029.587740004
futures,USDT-FUTURES,BTCUSDT,2026-01-06 04:00:00+00:00,60,93763.5,58285562.81003,621.0069,58285562.81003
futures,USDT-FUTURES,BTCUSDT,2026-01-06 05:00:00+00:00,60,93559.0,49342256.32564,526.9721,49342256.32564
futures,USDT-FUTURES,BTCUSDT,2026-01-06 06:00:00+00:00,1,93585.7,4535351.28931,48.5004,4535351.28931
futures,USDT-FUTURES,XAUUSDT,2025-12-31 06:00:00+00:00,59,4332.0,977447.4673,226.43,977447.4673
futures,USDT-FUTURES,XAUUSDT,2025-12-31 07:00:00+00:00,60,4335.55,327210.6232,75.52,327210.6232
futures,USDT-FUTURES,XAUUSDT,2025-12-31 08:00:00+00:00,60,4318.23,159394.6157,36.79,159394.6157
futures,USDT-FUTURES,XAUUSDT,2025-12-31 09:00:00+00:00,59,4338.14,157168.8083,36.27,157168.8083
futures,USDT-FUTURES,XAUUSDT,2025-12-31 10:00:00+00:00,60,4319.67,209392.16939999998,48.37,209392.16939999998
futures,USDT-FUTURES,XAUUSDT,2025-12-31 11:00:00+00:00,60,4321.0,72553.83129999999,16.78,72553.83129999999
futures,USDT-FUTURES,XAUUSDT,2025-12-31 12:00:00+00:00,59,4322.02,95735.6616,22.15,95735.6616
futures,USDT-FUTURES,XAUUSDT,2025-12-31 13:00:00+00:00,60,4348.1,160703.0302,37.03,160703.0302
futures,USDT-FUTURES,XAUUSDT,2025-12-31 14:00:00+00:00,60,4356.67,322222.7027,74.13000000000001,322222.7027
futures,USDT-FUTURES,XAUUSDT,2025-12-31 15:00:00+00:00,60,4346.01,106753.5652,24.580000000000002,106753.5652
futures,USDT-FUTURES,XAUUSDT,2025-12-31 16:00:00+00:00,59,4328.91,82536.5905,19.04,82536.5905
futures,USDT-FUTURES,XAUUSDT,2025-12-31 17:00:00+00:00,60,4331.96,118136.5669,27.25,118136.5669
futures,USDT-FUTURES,XAUUSDT,2025-12-31 18:00:00+00:00,60,4330.39,93830.1838,21.66,93830.1838
futures,USDT-FUTURES,XAUUSDT,2025-12-31 19:00:00+00:00,59,4322.6,95215.7828,22.03,95215.7828
futures,USDT-FUTURES,XAUUSDT,2025-12-31 20:00:00+00:00,60,4324.62,43656.479699999996,10.1,43656.479699999996
futures,USDT-FUTURES,XAUUSDT,2025-12-31 21:00:00+00:00,60,4328.05,28814.6445,6.66,28814.6445
futures,USDT-FUTURES,XAUUSDT,2025-12-31 22:00:00+00:00,59,4330.0,21994.667,5.08,21994.667
futures,USDT-FUTURES,XAUUSDT,2025-12-31 23:00:00+00:00,60,4327.39,19203.2531,4.4399999999999995,19203.2531
futures,USDT-FUTURES,XAUUSDT,2026-01-01 00:00:00+00:00,60,4334.18,25698.0331,5.93,25698.0331
futures,USDT-FUTURES,XAUUSDT,2026-01-01 01:00:00+00:00,60,4330.28,13853.4156,3.2,13853.4156
futures,USDT-FUTURES,XAUUSDT,2026-01-01 02:00:00+00:00,59,4327.06,28389.1047,6.56,28389.1047
futures,USDT-FUTURES,XAUUSDT,2026-01-01 03:00:00+00:00,60,4326.55,12116.527,2.8,12116.527
futures,USDT-FUTURES,XAUUSDT,2026-01-01 04:00:00+00:00,60,4333.25,27417.4497,6.33,27417.4497
futures,USDT-FUTURES,XAUUSDT,2026-01-01 05:00:00+00:00,59,4334.26,17376.212900000002,4.01,17376.212900000002
futures,USDT-FUTURES,XAUUSDT,2026-01-01 06:00:00+00:00,60,4332.37,21942.1269,5.0600000000000005,21942.1269
futures,USDT-FUTURES,XAUUSDT,2026-01-01 07:00:00+00:00,60,4325.27,58805.6298,13.59,58805.6298
futures,USDT-FUTURES,XAUUSDT,2026-01-01 08:00:00+00:00,59,4332.45,23558.6771,5.44,23558.6771
futures,USDT-FUTURES,XAUUSDT,2026-01-01 09:00:00+00:00,60,4328.42,36704.5987,8.47,36704.5987
futures,USDT-FUTURES,XAUUSDT,2026-01-01 10:00:00+00:00,60,4332.97,31293.5242,7.22,31293.5242
futures,USDT-FUTURES,XAUUSDT,2026-01-01 11:00:00+00:00,60,4325.66,65427.598900000005,15.1,65427.598900000005
futures,USDT-FUTURES,XAUUSDT,2026-01-01 12:00:00+00:00,59,4329.51,25682.8334,5.93,25682.8334
futures,USDT-FUTURES,XAUUSDT,2026-01-01 13:00:00+00:00,60,4330.1,9056.3533,2.09,9056.3533
futures,USDT-FUTURES,XAUUSDT,2026-01-01 14:00:00+00:00,60,4327.84,51317.7287,11.84,51317.7287
futures,USDT-FUTURES,XAUUSDT,2026-01-01 15:00:00+00:00,59,4333.1,50107.5321,11.56,50107.5321
futures,USDT-FUTURES,XAUUSDT,2026-01-01 16:00:00+00:00,60,4335.26,43390.7875,10.01,43390.7875
futures,USDT-FUTURES,XAUUSDT,2026-01-01 17:00:00+00:00,60,4330.08,28946.1698,6.68,28946.1698
futures,USDT-FUTURES,XAUUSDT,2026-01-01 18:00:00+00:00,59,4332.62,19093.4257,4.41,19093.4257
futures,USDT-FUTURES,XAUUSDT,2026-01-01 19:00:00+00:00,60,4329.09,15803.6509,3.65,15803.6509
futures,USDT-FUTURES,XAUUSDT,2026-01-01 20:00:00+00:00,60,4330.86,20666.769099999998,4.77,20666.769099999998
futures,USDT-FUTURES,XAUUSDT,2026-01-01 21:00:00+00:00,60,4330.45,23597.7801,5.45,23597.7801
futures,USDT-FUTURES,XAUUSDT,2026-01-01 22:00:00+00:00,59,4327.18,77743.4808,17.95,77743.4808
futures,USDT-FUTURES,XAUUSDT,2026-01-01 23:00:00+00:00,60,4354.75,105339.48879999999,24.25,105339.48879999999
futures,USDT-FUTURES,XAUUSDT,2026-01-02 00:00:00+00:00,60,4362.17,136071.0625,31.25,136071.0625
futures,USDT-FUTURES,XAUUSDT,2026-01-02 01:00:00+00:00,59,4354.64,104118.8563,23.9,104118.8563
futures,USDT-FUTURES,XAUUSDT,2026-01-02 02:00:00+00:00,60,4366.29,199075.6581,45.68,199075.6581
futures,USDT-FUTURES,XAUUSDT,2026-01-02 03:00:00+00:00,60,4376.03,406527.5191,93.04,406527.5191
futures,USDT-FUTURES,XAUUSDT,2026-01-02 04:00:00+00:00,59,4372.87,65250.324,14.91,65250.324
futures,USDT-FUTURES,XAUUSDT,2026-01-02 05:00:00+00:00,60,4378.71,136707.4577,31.23,136707.4577
futures,USDT-FUTURES,XAUUSDT,2026-01-02 06:00:00+00:00,60,4378.99,67461.5962,15.41,67461.5962
futures,USDT-FUTURES,XAUUSDT,2026-01-02 07:00:00+00:00,60,4380.98,189461.306,43.31,189461.306
futures,USDT-FUTURES,XAUUSDT,2026-01-02 08:00:00+00:00,59,4389.12,222269.9898,50.65,222269.9898
futures,USDT-FUTURES,XAUUSDT,2026-01-02 09:00:00+00:00,60,4389.0,117340.8238,26.72,117340.8238
futures,USDT-FUTURES,XAUUSDT,2026-01-02 10:00:00+00:00,60,4397.04,110261.6131,25.12,110261.6131
futures,USDT-FUTURES,XAUUSDT,2026-01-02 11:00:00+00:00,59,4391.65,340711.601,77.53999999999999,340711.601
futures,USDT-FUTURES,XAUUSDT,2026-01-02 12:00:00+00:00,60,4396.37,120980.2447,27.53,120980.2447
futures,USDT-FUTURES,XAUUSDT,2026-01-02 13:00:00+00:00,60,4364.41,279223.628,63.74,279223.628
futures,USDT-FUTURES,XAUUSDT,2026-01-02 14:00:00+00:00,59,4363.98,217366.9995,49.74,217366.9995
futures,USDT-FUTURES,XAUUSDT,2026-01-02 15:00:00+00:00,60,4339.72,472179.5212,108.58,472179.5212
futures,USDT-FUTURES,XAUUSDT,2026-01-02 16:00:00+00:00,60,4332.83,421086.366,97.32,421086.366
futures,USDT-FUTURES,XAUUSDT,2026-01-02 17:00:00+00:00,60,4331.14,108983.1879,25.14,108983.1879
futures,USDT-FUTURES,XAUUSDT,2026-01-02 18:00:00+00:00,59,4325.09,171381.2648,39.620000000000005,171381.2648
futures,USDT-FUTURES,XAUUSDT,2026-01-02 19:00:00+00:00,60,4328.12,70356.9715,16.25,70356.9715
futures,USDT-FUTURES,XAUUSDT,2026-01-02 20:00:00+00:00,60,4333.2,76572.7101,17.67,76572.7101
futures,USDT-FUTURES,XAUUSDT,2026-01-02 21:00:00+00:00,59,4333.5,33331.7126,7.69,33331.7126
futures,USDT-FUTURES,XAUUSDT,2026-01-02 22:00:00+00:00,60,4336.3,48029.7589,11.07,48029.7589
futures,USDT-FUTURES,XAUUSDT,2026-01-02 23:00:00+00:00,60,4340.2,33630.9447,7.75,33630.9447
futures,USDT-FUTURES,XAUUSDT,2026-01-03 00:00:00+00:00,59,4332.81,33174.5258,7.65,33174.5258
futures,USDT-FUTURES,XAUUSDT,2026-01-03 01:00:00+00:00,60,4333.04,10615.6577,2.4499999999999997,10615.6577
futures,USDT-FUTURES,XAUUSDT,2026-01-03 02:00:00+00:00,60,4336.71,15525.6493,3.5799999999999996,15525.6493
futures,USDT-FUTURES,XAUUSDT,2026-01-03 03:00:00+00:00,60,4338.6,13910.4246,3.21,13910.4246
futures,USDT-FUTURES,XAUUSDT,2026-01-03 04:00:00+00:00,59,4329.0,32451.6622,7.49,32451.6622
futures,USDT-FUTURES,XAUUSDT,2026-01-03 05:00:00+00:00,60,4339.42,28799.0226,6.64,28799.0226
futures,USDT-FUTURES,XAUUSDT,2026-01-03 06:00:00+00:00,60,4338.25,14967.567000000001,3.45,14967.567000000001
futures,USDT-FUTURES,XAUUSDT,2026-01-03 07:00:00+00:00,59,4348.49,127964.4808,29.45,127964.4808
futures,USDT-FUTURES,XAUUSDT,2026-01-03 08:00:00+00:00,60,4348.83,220739.35210000002,50.75,220739.35210000002
futures,USDT-FUTURES,XAUUSDT,2026-01-03 09:00:00+00:00,60,4349.4,233539.6547,53.629999999999995,233539.6547
futures,USDT-FUTURES,XAUUSDT,2026-01-03 10:00:00+00:00,60,4349.75,109422.6478,25.13,109422.6478
futures,USDT-FUTURES,XAUUSDT,2026-01-03 11:00:00+00:00,59,4345.57,61442.1176,14.12,61442.1176
futures,USDT-FUTURES,XAUUSDT,2026-01-03 12:00:00+00:00,60,4349.27,61781.8737,14.2,61781.8737
futures,USDT-FUTURES,XAUUSDT,2026-01-03 13:00:00+00:00,60,4343.52,92121.2481,21.2,92121.2481
futures,USDT-FUTURES,XAUUSDT,2026-01-03 14:00:00+00:00,59,4343.45,47407.3183,10.92,47407.3183
futures,USDT-FUTURES,XAUUSDT,2026-01-03 15:00:00+00:00,60,4345.4,23556.9122,5.42,23556.9122
futures,USDT-FUTURES,XAUUSDT,2026-01-03 16:00:00+00:00,60,4347.39,38574.0638,8.88,38574.0638
futures,USDT-FUTURES,XAUUSDT,2026-01-03 17:00:00+00:00,59,4352.95,80347.6862,18.48,80347.6862
futures,USDT-FUTURES,XAUUSDT,2026-01-03 18:00:00+00:00,60,4351.99,44549.5608,10.24,44549.5608
futures,USDT-FUTURES,XAUUSDT,2026-01-03 19:00:00+00:00,60,4347.65,52548.1988,12.08,52548.1988
futures,USDT-FUTURES,XAUUSDT,2026-01-03 20:00:00+00:00,60,4352.7,28453.3949,6.54,28453.3949
futures,USDT-FUTURES,XAUUSDT,2026-01-03 21:00:00+00:00,59,4351.0,51597.3172,11.86,51597.3172
futures,USDT-FUTURES,XAUUSDT,2026-01-03 22:00:00+00:00,60,4355.0,28150.9439,6.470000000000001,28150.9439
futures,USDT-FUTURES,XAUUSDT,2026-01-03 23:00:00+00:00,60,4342.88,44883.975,10.33,44883.975
futures,USDT-FUTURES,XAUUSDT,2026-01-04 00:00:00+00:00,59,4339.23,45265.3481,10.42,45265.3481
futures,USDT-FUTURES,XAUUSDT,2026-01-04 01:00:00+00:00,60,4348.57,81027.6541,18.669999999999998,81027.6541
futures,USDT-FUTURES,XAUUSDT,2026-01-04 02:00:00+00:00,60,4345.48,37844.589,8.71,37844.589
futures,USDT-FUTURES,XAUUSDT,2026-01-04 03:00:00+00:00,59,4341.95,15633.0231,3.6,15633.0231
futures,USDT-FUTURES,XAUUSDT,2026-01-04 04:00:00+00:00,60,4334.07,60232.139899999995,13.89,60232.139899999995
futures,USDT-FUTURES,XAUUSDT,2026-01-04 05:00:00+00:00,60,4328.28,71775.7542,16.57,71775.7542
futures,USDT-FUTURES,XAUUSDT,2026-01-04 06:00:00+00:00,60,4339.84,41444.314399999996,9.56,41444.314399999996
futures,USDT-FUTURES,XAUUSDT,2026-01-04 07:00:00+00:00,59,4341.56,22138.8366,5.1,22138.8366
futures,USDT-FUTURES,XAUUSDT,2026-01-04 08:00:00+00:00,60,4339.49,18581.4003,4.28,18581.4003
futures,USDT-FUTURES,XAUUSDT,2026-01-04 09:00:00+00:00,60,4340.44,34176.1814,7.87,34176.1814
futures,USDT-FUTURES,XAUUSDT,2026-01-04 10:00:00+00:00,59,4341.65,47812.6565,11.02,47812.6565
futures,USDT-FUTURES,XAUUSDT,2026-01-04 11:00:00+00:00,60,4337.38,18090.9502,4.17,18090.9502
futures,USDT-FUTURES,XAUUSDT,2026-01-04 12:00:00+00:00,60,4336.64,38079.1994,8.78,38079.1994
futures,USDT-FUTURES,XAUUSDT,2026-01-04 13:00:00+00:00,59,4337.94,47427.830799999996,10.93,47427.830799999996
futures,USDT-FUTURES,XAUUSDT,2026-01-04 14:00:00+00:00,60,4338.02,15704.2047,3.62,15704.2047
futures,USDT-FUTURES,XAUUSDT,2026-01-04 15:00:00+00:00,60,4346.17,18932.5554,4.36,18932.5554
futures,USDT-FUTURES,XAUUSDT,2026-01-04 16:00:00+00:00,60,4345.37,39844.157100000004,9.17,39844.157100000004
futures,USDT-FUTURES,XAUUSDT,2026-01-04 17:00:00+00:00,59,4345.99,32635.166699999998,7.51,32635.166699999998
futures,USDT-FUTURES,XAUUSDT,2026-01-04 18:00:00+00:00,60,4345.6,70467.0921,16.21,70467.0921
futures,USDT-FUTURES,XAUUSDT,2026-01-04 19:00:00+00:00,60,4346.55,33743.1745,7.76,33743.1745
futures,USDT-FUTURES,XAUUSDT,2026-01-04 20:00:00+00:00,59,4353.5,142631.1653,32.78,142631.1653
futures,USDT-FUTURES,XAUUSDT,2026-01-04 21:00:00+00:00,60,4349.36,45148.1421,10.370000000000001,45148.1421
futures,USDT-FUTURES,XAUUSDT,2026-01-04 22:00:00+00:00,60,4348.84,37774.788,8.69,37774.788
futures,USDT-FUTURES,XAUUSDT,2026-01-04 23:00:00+00:00,59,4368.45,184033.0324,42.19,184033.0324
futures,USDT-FUTURES,XAUUSDT,2026-01-05 00:00:00+00:00,60,4392.95,210558.65959999998,48.07,210558.65959999998
futures,USDT-FUTURES,XAUUSDT,2026-01-05 01:00:00+00:00,60,4404.27,391975.7858,89.04,391975.7858
futures,USDT-FUTURES,XAUUSDT,2026-01-05 02:00:00+00:00,60,4400.0,140626.3442,31.96,140626.3442
futures,USDT-FUTURES,XAUUSDT,2026-01-05 03:00:00+00:00,59,4404.9,131041.2839,29.73,131041.2839
futures,USDT-FUTURES,XAUUSDT,2026-01-05 04:00:00+00:00,60,4403.26,81773.9128,18.56,81773.9128
futures,USDT-FUTURES,XAUUSDT,2026-01-05 05:00:00+00:00,60,4406.36,334847.6638,76.16,334847.6638
futures,USDT-FUTURES,XAUUSDT,2026-01-05 06:00:00+00:00,59,4418.73,200157.7125,45.300000000000004,200157.7125
futures,USDT-FUTURES,XAUUSDT,2026-01-05 07:00:00+00:00,60,4417.37,225858.1576,51.05,225858.1576
futures,USDT-FUTURES,XAUUSDT,2026-01-05 08:00:00+00:00,60,4433.98,196911.7997,44.53,196911.7997
futures,USDT-FUTURES,XAUUSDT,2026-01-05 09:00:00+00:00,59,4439.83,222170.166,50.1,222170.166
futures,USDT-FUTURES,XAUUSDT,2026-01-05 10:00:00+00:00,60,4436.93,57176.869099999996,12.89,57176.869099999996
futures,USDT-FUTURES,XAUUSDT,2026-01-05 11:00:00+00:00,60,4416.8,818856.9324,185.54000000000002,818856.9324
futures,USDT-FUTURES,XAUUSDT,2026-01-05 12:00:00+00:00,60,4410.73,235790.2653,53.47,235790.2653
futures,USDT-FUTURES,XAUUSDT,2026-01-05 13:00:00+00:00,59,4417.32,232639.1911,52.760000000000005,232639.1911
futures,USDT-FUTURES,XAUUSDT,2026-01-05 14:00:00+00:00,60,4433.25,324247.7095,73.26,324247.7095
futures,USDT-FUTURES,XAUUSDT,2026-01-05 15:00:00+00:00,60,4443.25,555220.8044,125.04,555220.8044
futures,USDT-FUTURES,XAUUSDT,2026-01-05 16:00:00+00:00,59,4439.9,390709.6212,87.92,390709.6212
futures,USDT-FUTURES,XAUUSDT,2026-01-05 17:00:00+00:00,60,4442.5,269977.534,60.77,269977.534
futures,USDT-FUTURES,XAUUSDT,2026-01-05 18:00:00+00:00,60,4446.47,103509.1202,23.29,103509.1202
futures,USDT-FUTURES,XAUUSDT,2026-01-05 19:00:00+00:00,59,4441.34,67602.0877,15.22,67602.0877
futures,USDT-FUTURES,XAUUSDT,2026-01-05 20:00:00+00:00,60,4446.13,83410.2255,18.77,83410.2255
futures,USDT-FUTURES,XAUUSDT,2026-01-05 21:00:00+00:00,60,4449.82,123776.5398,27.83,123776.5398
futures,USDT-FUTURES,XAUUSDT,2026-01-05 22:00:00+00:00,60,4445.31,34005.3483,7.65,34005.3483
futures,USDT-FUTURES,XAUUSDT,2026-01-05 23:00:00+00:00,59,4438.93,291988.4821,65.67999999999999,291988.4821
futures,USDT-FUTURES,XAUUSDT,2026-01-06 00:00:00+00:00,60,4434.24,119422.1021,26.93,119422.1021
futures,USDT-FUTURES,XAUUSDT,2026-01-06 01:00:00+00:00,60,4447.83,109111.7728,24.59,109111.7728
futures,USDT-FUTURES,XAUUSDT,2026-01-06 02:00:00+00:00,59,4452.58,187853.7717,42.17,187853.7717
futures,USDT-FUTURES,XAUUSDT,2026-01-06 03:00:00+00:00,60,4466.64,144457.0942,32.37,144457.0942
futures,USDT-FUTURES,XAUUSDT,2026-01-06 04:00:00+00:00,60,4468.18,115981.7038,25.97,115981.7038
futures,USDT-FUTURES,XAUUSDT,2026-01-06 05:00:00+00:00,60,4454.07,234430.5761,52.49,234430.5761
futures,USDT-FUTURES,XAUUSDT,2026-01-06 06:00:00+00:00,1,4453.5,445.35,0.1,445.35
spot,SPOT,BTCUSDT,2025-12-31 06:00:00+00:00,59,88524.82,23575061.88417859,266.296896,23575061.88417859
spot,SPOT,BTCUSDT,2025-12-31 07:00:00+00:00,60,88613.07,14754566.31739428,166.623891,14754566.31739428
spot,SPOT,BTCUSDT,2025-12-31 08:00:00+00:00,60,88439.59,15403402.29562396,173.889662,15403402.29562396
spot,SPOT,BTCUSDT,2025-12-31 09:00:00+00:00,59,88670.0,10952319.5405104,123.619775,10952319.5405104
spot,SPOT,BTCUSDT,2025-12-31 10:00:00+00:00,60,88850.0,12734319.04947293,143.458141,12734319.04947293
spot,SPOT,BTCUSDT,2025-12-31 11:00:00+00:00,60,89018.21,16505416.32262051,185.590014,16505416.32262051
spot,SPOT,BTCUSDT,2025-12-31 12:00:00+00:00,59,88781.85,12148446.1998003,136.642143,12148446.1998003
spot,SPOT,BTCUSDT,2025-12-31 13:00:00+00:00,60,88995.7,10586794.93403845,119.162214,10586794.93403845
spot,SPOT,BTCUSDT,2025-12-31 14:00:00+00:00,60,88487.34,22296790.9289701,251.214174,22296790.9289701
spot,SPOT,BTCUSDT,2025-12-31 15:00:00+00:00,60,87951.75,25911293.06891309,294.171242,25911293.06891309
spot,SPOT,BTCUSDT,2025-12-31 16:00:00+00:00,59,87655.78,19894010.80341071,226.717039,19894010.80341071
spot,SPOT,BTCUSDT,2025-12-31 17:00:00+00:00,60,87627.41,9542908.08395091,108.917743,9542908.08395091
spot,SPOT,BTCUSDT,2025-12-31 18:00:00+00:00,60,87700.01,13998352.82063982,159.341825,13998352.82063982
spot,SPOT,BTCUSDT,2025-12-31 19:00:00+00:00,59,87550.26,7046698.38381086,80.341751,7046698.38381086
spot,SPOT,BTCUSDT,2025-12-31 20:00:00+00:00,60,87676.0,13057813.95086672,149.251066,13057813.95086672
spot,SPOT,BTCUSDT,2025-12-31 21:00:00+00:00,60,87809.8,4576716.93939134,52.137363,4576716.93939134
spot,SPOT,BTCUSDT,2025-12-31 22:00:00+00:00,59,87728.87,5994717.48668087,68.296626,5994717.48668087
spot,SPOT,BTCUSDT,2025-12-31 23:00:00+00:00,60,87646.31,5484457.1827953,62.556103,5484457.1827953
spot,SPOT,BTCUSDT,2026-01-01 00:00:00+00:00,60,87814.74,6965055.73241808,79.362953,6965055.73241808
spot,SPOT,BTCUSDT,2026-01-01 01:00:00+00:00,60,87959.26,9014110.38807123,102.508948,9014110.38807123
spot,SPOT,BTCUSDT,2026-01-01 02:00:00+00:00,59,87920.54,8971795.4841911,101.971771,8971795.4841911
spot,SPOT,BTCUSDT,2026-01-01 03:00:00+00:00,60,87849.89,7092684.05804154,80.672865,7092684.05804154
spot,SPOT,BTCUSDT,2026-01-01 04:00:00+00:00,60,87601.67,10140638.82598998,115.689451,10140638.82598998
spot,SPOT,BTCUSDT,2026-01-01 05:00:00+00:00,59,87711.96,5925405.99989311,67.564403,5925405.99989311
spot,SPOT,BTCUSDT,2026-01-01 06:00:00+00:00,60,87659.02,3189403.84108775,36.380362,3189403.84108775
spot,SPOT,BTCUSDT,2026-01-01 07:00:00+00:00,60,87643.8,7344186.68453754,83.790183,7344186.68453754
spot,SPOT,BTCUSDT,2026-01-01 08:00:00+00:00,59,87778.17,7053039.48288636,80.379056,7053039.48288636
spot,SPOT,BTCUSDT,2026-01-01 09:00:00+00:00,60,87888.24,3205428.02679469,36.48269,3205428.02679469
spot,SPOT,BTCUSDT,2026-01-01 10:00:00+00:00,60,87867.46,2828243.60183776,32.190523,2828243.60183776
spot,SPOT,BTCUSDT,2026-01-01 11:00:00+00:00,60,88020.0,6906357.11824238,78.547365,6906357.11824238
spot,SPOT,BTCUSDT,2026-01-01 12:00:00+00:00,59,87942.62,6042363.9912864305,68.676497,6042363.9912864305
spot,SPOT,BTCUSDT,2026-01-01 13:00:00+00:00,60,87918.72,6374260.56658404,72.476438,6374260.56658404
spot,SPOT,BTCUSDT,2026-01-01 14:00:00+00:00,60,87963.31,7199745.11806099,81.919539,7199745.11806099
spot,SPOT,BTCUSDT,2026-01-01 15:00:00+00:00,59,88032.48,6902526.12276722,78.429249,6902526.12276722
spot,SPOT,BTCUSDT,2026-01-01 16:00:00+00:00,60,87982.79,6456171.45120608,73.395805,6456171.45120608
spot,SPOT,BTCUSDT,2026-01-01 17:00:00+00:00,60,88320.0,19175965.35438137,217.259774,19175965.35438137
spot,SPOT,BTCUSDT,2026-01-01 18:00:00+00:00,59,88200.0,7487151.4053013,84.871829,7487151.4053013
spot,SPOT,BTCUSDT,2026-01-01 19:00:00+00:00,60,88393.5,5966138.05532999,67.607206,5966138.05532999
spot,SPOT,BTCUSDT,2026-01-01 20:00:00+00:00,60,88262.11,3848618.8838752,43.580319,3848618.8838752
spot,SPOT,BTCUSDT,2026-01-01 21:00:00+00:00,60,88385.55,3263617.80118075,36.933531,3263617.80118075
spot,SPOT,BTCUSDT,2026-01-01 22:00:00+00:00,59,88643.49,10566190.86971259,119.335821,10566190.86971259
spot,SPOT,BTCUSDT,2026-01-01 23:00:00+00:00,60,88834.34,17529278.5344435,197.58658,17529278.5344435
spot,SPOT,BTCUSDT,2026-01-02 00:00:00+00:00,60,88832.42,14960686.35716466,168.564254,14960686.35716466
spot,SPOT,BTCUSDT,2026-01-02 01:00:00+00:00,59,88637.46,8142492.92982245,91.806998,8142492.92982245
spot,SPOT,BTCUSDT,2026-01-02 02:00:00+00:00,60,88635.34,10008420.05959886,113.08891899999999,10008420.05959886
spot,SPOT,BTCUSDT,2026-01-02 03:00:00+00:00,60,88946.32,20620272.59814231,231.896163,20620272.59814231
spot,SPOT,BTCUSDT,2026-01-02 04:00:00+00:00,59,88638.64,9926715.359586671,111.800077,9926715.359586671
spot,SPOT,BTCUSDT,2026-01-02 05:00:00+00:00,60,88756.18,6564418.928420721,74.016671,6564418.928420721
spot,SPOT,BTCUSDT,2026-01-02 06:00:00+00:00,60,88933.48,11647243.7591497,130.980079,11647243.7591497
spot,SPOT,BTCUSDT,2026-01-02 07:00:00+00:00,60,88858.35,12868838.38544638,144.72348,12868838.38544638
spot,SPOT,BTCUSDT,2026-01-02 08:00:00+00:00,59,89175.18,11924311.12867615,133.938216,11924311.12867615
spot,SPOT,BTCUSDT,2026-01-02 09:00:00+00:00,60,89469.18,23277951.29154627,260.747118,23277951.29154627
spot,SPOT,BTCUSDT,2026-01-02 10:00:00+00:00,60,89655.73,23760993.53501495,264.875157,23760993.53501495
spot,SPOT,BTCUSDT,2026-01-02 11:00:00+00:00,59,89494.6,12218720.38189251,136.524448,12218720.38189251
spot,SPOT,BTCUSDT,2026-01-02 12:00:00+00:00,60,89400.01,9079219.9042559,101.47161,9079219.9042559
spot,SPOT,BTCUSDT,2026-01-02 13:00:00+00:00,60,89343.98,11692183.44842851,130.656617,11692183.44842851
spot,SPOT,BTCUSDT,2026-01-02 14:00:00+00:00,59,89578.23,40588201.46846656,454.690361,40588201.46846656
spot,SPOT,BTCUSDT,2026-01-02 15:00:00+00:00,60,89409.52,36421137.83398975,407.509061,36421137.83398975
spot,SPOT,BTCUSDT,2026-01-02 16:00:00+00:00,60,90370.45,45959590.45628912,510.166863,45959590.45628912
spot,SPOT,BTCUSDT,2026-01-02 17:00:00+00:00,60,90350.0,20795122.84400044,229.565913,20795122.84400044
spot,SPOT,BTCUSDT,2026-01-02 18:00:00+00:00,59,89762.85,19038758.85106066,211.401823,19038758.85106066
spot,SPOT,BTCUSDT,2026-01-02 19:00:00+00:00,60,89888.54,13801281.35106366,153.476169,13801281.35106366
spot,SPOT,BTCUSDT,2026-01-02 20:00:00+00:00,60,89735.9,12772164.99414936,142.184256,12772164.99414936
spot,SPOT,BTCUSDT,2026-01-02 21:00:00+00:00,59,90050.01,11095747.02350097,123.343904,11095747.02350097
spot,SPOT,BTCUSDT,2026-01-02 22:00:00+00:00,60,90187.53,13856045.56813278,153.61777,13856045.56813278
spot,SPOT,BTCUSDT,2026-01-02 23:00:00+00:00,60,89987.72,8710529.66257192,96.77138000000001,8710529.66257192
spot,SPOT,BTCUSDT,2026-01-03 00:00:00+00:00,59,90150.0,7173244.10846594,79.645186,7173244.10846594
spot,SPOT,BTCUSDT,2026-01-03 01:00:00+00:00,60,90279.76,6337801.21391682,70.28691,6337801.21391682
spot,SPOT,BTCUSDT,2026-01-03 02:00:00+00:00,60,90326.37,7860014.94340829,87.082932,7860014.94340829
spot,SPOT,BTCUSDT,2026-01-03 03:00:00+00:00,60,90317.02,6103183.29370994,67.617199,6103183.29370994
spot,SPOT,BTCUSDT,2026-01-03 04:00:00+00:00,59,90168.58,15353744.99686083,170.246271,15353744.99686083
spot,SPOT,BTCUSDT,2026-01-03 05:00:00+00:00,60,90034.91,9781477.29529809,108.6367,9781477.29529809
spot,SPOT,BTCUSDT,2026-01-03 06:00:00+00:00,60,89837.0,27816422.77014216,309.215186,27816422.77014216
spot,SPOT,BTCUSDT,2026-01-03 07:00:00+00:00,59,89570.87,21386419.73143136,238.748084,21386419.73143136
spot,SPOT,BTCUSDT,2026-01-03 08:00:00+00:00,60,89662.94,16872688.46363662,188.165109,16872688.46363662
spot,SPOT,BTCUSDT,2026-01-03 09:00:00+00:00,60,89783.3,13722222.590138141,152.800275,13722222.590138141
spot,SPOT,BTCUSDT,2026-01-03 10:00:00+00:00,60,89747.2,8392691.32977019,93.485799,8392691.32977019
spot,SPOT,BTCUSDT,2026-01-03 11:00:00+00:00,59,89743.72,3729914.67625402,41.568999,3729914.67625402
spot,SPOT,BTCUSDT,2026-01-03 12:00:00+00:00,60,90022.76,15764853.312861059,175.397506,15764853.312861059
spot,SPOT,BTCUSDT,2026-01-03 13:00:00+00:00,60,89996.55,7699072.90786664,85.561154,7699072.90786664
spot,SPOT,BTCUSDT,2026-01-03 14:00:00+00:00,59,90119.5,7753696.71921483,86.042185,7753696.71921483
spot,SPOT,BTCUSDT,2026-01-03 15:00:00+00:00,60,89961.9,6478463.5473780995,71.954289,6478463.5473780995
spot,SPOT,BTCUSDT,2026-01-03 16:00:00+00:00,60,90102.36,7969175.79555819,88.471,7969175.79555819
spot,SPOT,BTCUSDT,2026-01-03 17:00:00+00:00,59,90090.0,2502294.1888961103,27.781162,2502294.1888961103
spot,SPOT,BTCUSDT,2026-01-03 18:00:00+00:00,60,90135.91,3040445.83812414,33.735813,3040445.83812414
spot,SPOT,BTCUSDT,2026-01-03 19:00:00+00:00,60,90124.35,4533314.78006748,50.307564,4533314.78006748
spot,SPOT,BTCUSDT,2026-01-03 20:00:00+00:00,60,90370.0,7329454.01918613,81.210203,7329454.01918613
spot,SPOT,BTCUSDT,2026-01-03 21:00:00+00:00,59,90559.99,14073351.26671825,155.427097,14073351.26671825
spot,SPOT,BTCUSDT,2026-01-03 22:00:00+00:00,60,90585.92,12005554.49711736,132.480502,12005554.49711736
spot,SPOT,BTCUSDT,2026-01-03 23:00:00+00:00,60,90630.25,8923196.41715605,98.466172,8923196.41715605
spot,SPOT,BTCUSDT,2026-01-04 00:00:00+00:00,59,91334.8,52000740.83331781,569.844337,52000740.83331781
spot,SPOT,BTCUSDT,2026-01-04 01:00:00+00:00,60,91223.44,10721227.66260548,117.560194,10721227.66260548
spot,SPOT,BTCUSDT,2026-01-04 02:00:00+00:00,60,91128.52,12338323.22005516,135.324417,12338323.22005516
spot,SPOT,BTCUSDT,2026-01-04 03:00:00+00:00,59,91230.6,11532732.86786916,126.419267,11532732.86786916
spot,SPOT,BTCUSDT,2026-01-04 04:00:00+00:00,60,91395.41,12852559.900921639,140.640211,12852559.900921639
spot,SPOT,BTCUSDT,2026-01-04 05:00:00+00:00,60,91480.59,9110327.78805073,99.647657,9110327.78805073
spot,SPOT,BTCUSDT,2026-01-04 06:00:00+00:00,60,91223.67,20899639.8575389,228.267734,20899639.8575389
spot,SPOT,BTCUSDT,2026-01-04 07:00:00+00:00,59,91525.4,10950379.99880662,119.849237,10950379.99880662
spot,SPOT,BTCUSDT,2026-01-04 08:00:00+00:00,60,91370.75,15132546.9002713,165.700272,15132546.9002713
spot,SPOT,BTCUSDT,2026-01-04 09:00:00+00:00,60,91453.63,7627237.8576216,83.478605,7627237.8576216
spot,SPOT,BTCUSDT,2026-01-04 10:00:00+00:00,59,91595.0,9094150.10194159,99.358734,9094150.10194159
spot,SPOT,BTCUSDT,2026-01-04 11:00:00+00:00,60,91300.77,7520324.09894119,82.300498,7520324.09894119
spot,SPOT,BTCUSDT,2026-01-04 12:00:00+00:00,60,91144.33,8278705.0461502895,90.75411,8278705.0461502895
spot,SPOT,BTCUSDT,2026-01-04 13:00:00+00:00,59,91259.57,13136288.98918038,144.059937,13136288.98918038
spot,SPOT,BTCUSDT,2026-01-04 14:00:00+00:00,60,91329.23,11173769.96057985,122.412976,11173769.96057985
spot,SPOT,BTCUSDT,2026-01-04 15:00:00+00:00,60,91328.77,9066465.91220199,99.347358,9066465.91220199
spot,SPOT,BTCUSDT,2026-01-04 16:00:00+00:00,60,91318.44,8574973.39931294,93.885095,8574973.39931294
spot,SPOT,BTCUSDT,2026-01-04 17:00:00+00:00,59,91339.82,9748151.71791544,106.680273,9748151.71791544
spot,SPOT,BTCUSDT,2026-01-04 18:00:00+00:00,60,91201.53,10559915.12750368,115.836742,10559915.12750368
spot,SPOT,BTCUSDT,2026-01-04 19:00:00+00:00,60,91140.47,13439968.62853903,147.624385,13439968.62853903
spot,SPOT,BTCUSDT,2026-01-04 20:00:00+00:00,59,91311.77,4652656.45086344,50.980413,4652656.45086344
spot,SPOT,BTCUSDT,2026-01-04 21:00:00+00:00,60,91282.81,5867765.74677695,64.264264,5867765.74677695
spot,SPOT,BTCUSDT,2026-01-04 22:00:00+00:00,60,91220.01,7422538.74322249,81.34161399999999,7422538.74322249
spot,SPOT,BTCUSDT,2026-01-04 23:00:00+00:00,59,91530.78,16801559.63966361,183.80015699999998,16801559.63966361
spot,SPOT,BTCUSDT,2026-01-05 00:00:00+00:00,60,92400.0,37563925.64650726,408.559799,37563925.64650726
spot,SPOT,BTCUSDT,2026-01-05 01:00:00+00:00,60,92951.43,40898695.07243679,439.915891,40898695.07243679
spot,SPOT,BTCUSDT,2026-01-05 02:00:00+00:00,60,93035.37,21416798.19102942,230.463755,21416798.19102942
spot,SPOT,BTCUSDT,2026-01-05 03:00:00+00:00,59,92877.33,14850642.9775678,159.664931,14850642.9775678
spot,SPOT,BTCUSDT,2026-01-05 04:00:00+00:00,60,92597.23,24648556.875908468,266.217625,24648556.875908468
spot,SPOT,BTCUSDT,2026-01-05 05:00:00+00:00,60,92355.96,14483793.2278138,156.4635,14483793.2278138
spot,SPOT,BTCUSDT,2026-01-05 06:00:00+00:00,59,92488.36,14243422.83382405,154.191712,14243422.83382405
spot,SPOT,BTCUSDT,2026-01-05 07:00:00+00:00,60,92521.19,10780088.60832837,116.477015,10780088.60832837
spot,SPOT,BTCUSDT,2026-01-05 08:00:00+00:00,60,92474.25,16465574.54842948,177.810831,16465574.54842948
spot,SPOT,BTCUSDT,2026-01-05 09:00:00+00:00,59,92680.97,14767614.41251043,159.60562,14767614.41251043
spot,SPOT,BTCUSDT,2026-01-05 10:00:00+00:00,60,93075.74,13559867.78326859,145.946916,13559867.78326859
spot,SPOT,BTCUSDT,2026-01-05 11:00:00+00:00,60,93130.0,15031312.80642028,161.593647,15031312.80642028
spot,SPOT,BTCUSDT,2026-01-05 12:00:00+00:00,60,92876.39,11432151.08844989,123.017652,11432151.08844989
spot,SPOT,BTCUSDT,2026-01-05 13:00:00+00:00,59,92739.26,26463221.93067944,285.351334,26463221.93067944
spot,SPOT,BTCUSDT,2026-01-05 14:00:00+00:00,60,93420.0,42435366.37096175,456.249312,42435366.37096175
spot,SPOT,BTCUSDT,2026-01-05 15:00:00+00:00,60,93958.18,38846057.42172133,414.678752,38846057.42172133
spot,SPOT,BTCUSDT,2026-01-05 16:00:00+00:00,59,93682.0,42048827.00423798,448.06979,42048827.00423798
spot,SPOT,BTCUSDT,2026-01-05 17:00:00+00:00,60,94304.07,35939910.59173906,383.04386999999997,35939910.59173906
spot,SPOT,BTCUSDT,2026-01-05 18:00:00+00:00,60,94431.56,19928496.20391215,211.693791,19928496.20391215
spot,SPOT,BTCUSDT,2026-01-05 19:00:00+00:00,59,94280.01,15312938.8802502,162.394824,15312938.8802502
spot,SPOT,BTCUSDT,2026-01-05 20:00:00+00:00,60,94159.27,19972194.94988283,211.671152,19972194.94988283
spot,SPOT,BTCUSDT,2026-01-05 21:00:00+00:00,60,94085.1,11816218.0175732,125.639081,11816218.0175732
spot,SPOT,BTCUSDT,2026-01-05 22:00:00+00:00,60,94157.65,10207072.06487989,108.351164,10207072.06487989
spot,SPOT,BTCUSDT,2026-01-05 23:00:00+00:00,59,93860.89,11799647.75849938,125.550391,11799647.75849938
spot,SPOT,BTCUSDT,2026-01-06 00:00:00+00:00,60,93810.5,15612768.4442074,166.589356,15612768.4442074
spot,SPOT,BTCUSDT,2026-01-06 01:00:00+00:00,60,93770.86,13849949.17250788,147.456812,13849949.17250788
spot,SPOT,BTCUSDT,2026-01-06 02:00:00+00:00,59,93618.25,12417086.70450146,132.582375,12417086.70450146
spot,SPOT,BTCUSDT,2026-01-06 03:00:00+00:00,60,93762.36,16166852.39063243,172.398235,16166852.39063243
spot,SPOT,BTCUSDT,2026-01-06 04:00:00+00:00,60,93803.0,14707509.08868186,156.694014,14707509.08868186
spot,SPOT,BTCUSDT,2026-01-06 05:00:00+00:00,60,93598.21,16643858.14184097,177.71540099999999,16643858.14184097
spot,SPOT,BTCUSDT,2026-01-06 06:00:00+00:00,1,93619.99,1445748.01116676,15.45239,1445748.01116676
